{"cameraMode":{"drawMode":0,"name":"Shaded","section":"Shading Mode"},"sceneLighting":false,"audioPlay":false,"sceneViewState":{"m_AlwaysRefresh":false,"showFog":true,"showSkybox":false,"showFlares":true,"showImageEffects":true,"showParticleSystems":true,"showVisualEffectGraphs":true,"m_FxEnabled":true},"in2DMode":false,"pivot":{"x":0.05199997127056122,"y":1.4901161193847657e-8,"z":0.07299911975860596},"rotation":{"x":-0.01803838275372982,"y":0.9816988706588745,"z":-0.12316122651100159,"w":-0.14355143904685975},"size":0.3354102671146393,"orthographic":false}