{"cameraMode":{"drawMode":0,"name":"Shaded","section":"Shading Mode"},"sceneLighting":false,"audioPlay":false,"sceneViewState":{"m_AlwaysRefresh":false,"showFog":true,"showSkybox":false,"showFlares":true,"showImageEffects":true,"showParticleSystems":true,"showVisualEffectGraphs":true,"m_FxEnabled":true},"in2DMode":false,"pivot":{"x":-0.01544344425201416,"y":0.13381165266036988,"z":-0.04224115610122681},"rotation":{"x":-0.23638571798801423,"y":0.6001222133636475,"z":-0.191774383187294,"w":-0.7397002577781677},"size":0.8000102639198303,"orthographic":false}