{"cameraMode":{"drawMode":0,"name":"Shaded","section":"Shading Mode"},"sceneLighting":false,"audioPlay":false,"sceneViewState":{"m_AlwaysRefresh":false,"showFog":true,"showSkybox":false,"showFlares":true,"showImageEffects":true,"showParticleSystems":true,"showVisualEffectGraphs":true,"m_FxEnabled":true},"in2DMode":false,"pivot":{"x":0.042970895767211917,"y":-0.18343329429626466,"z":-0.02597677707672119},"rotation":{"x":-0.1323956549167633,"y":0.3863426744937897,"z":-0.05611838772892952,"w":-0.9109946489334106},"size":0.8958237171173096,"orthographic":false}